id;user_id;first_name;last_name;phone;passport;email
1;81787;Ulises;Ullrich;(939) 462-3317;Director;Wilfred.Beier75@gmail.com
2;38812;Hardy;Corwin;(385) 519-1884;Handmade;Stanton.Stehr89@hotmail.com
3;28949;Tyreek;Walter;829-221-1009 x066;Incredible needs-based strategize;Billy14@hotmail.com
4;85726;Kaley;Torp;(525) 229-1936 x4811;CFA Turkish;Carlos86@hotmail.com
5;91508;Talia;Keeling;939.343.7059;Self-enabling;Brown_Skiles49@hotmail.com
6;36172;Kaitlyn;Baumbach;802.836.8527;Berkshire;Lafayette53@yahoo.com
7;23558;Emile;Shanahan;895-368-5211 x441;Soft;Parker_Mayer42@yahoo.com
8;29628;Otto;Goyette;(763) 956-9908 x80695;Cotton Planner;Aidan_Jast@yahoo.com
9;21583;Brain;O'Connell;(569) 652-9953 x77677;Peso ubiquitous copying;Anastacio_Beier1@yahoo.com
10;9864;Brendon;Ortiz;240.775.7137;Representative;Reed_Heaney15@yahoo.com
